produk,analisis,kontrol,n_kasus,n_kontrol,auc,pod_2,pofd_2,tss_2,rasio_frekuensi_2,pod_3,pofd_3,tss_3,rasio_frekuensi_3,auc_ci_bawah,auc_ci_atas,tss_2_ci_bawah,tss_2_ci_atas,auc_gabungan,selisih_auc,selisih_ci_bawah,selisih_ci_atas
Potensi bulanan PVMBG,utama,spasial (provinsi),303,3030.0,0.6420792079207921,0.7953795379537953,0.5485148514851486,0.2468646864686468,1.4500601684717207,0.40594059405940597,0.23003300330033002,0.17590759075907594,1.7647058823529413,0.6138572607260726,0.6701320132013202,0.19965346534653458,0.2934158415841583,0.6412394209718002,,,
Potensi bulanan PVMBG,utama,temporal,303,1818.0,0.5649064906490648,0.7953795379537953,0.7376237623762376,0.05775577557755773,1.0782997762863535,0.40594059405940597,0.3327832783278328,0.07315731573157319,1.2198347107438017,0.536853685368537,0.5921342134213421,0.023652365236523698,0.09295929592959296,0.5458243019021374,,,
ZKGT (dalam layer bulanan),utama,spasial (provinsi),303,3030.0,0.6635313531353135,0.6666666666666666,0.4079207920792079,0.25874587458745874,1.6343042071197411,0.1419141914191419,0.06369636963696369,0.07821782178217822,2.227979274611399,0.6363036303630364,0.691918316831683,0.201980198019802,0.3161798679867987,0.6666677558844993,,,
ZKGT (dalam layer bulanan),utama,temporal,303,1818.0,0.5,0.6666666666666666,0.6633663366336634,0.0033003300330032292,1.0049751243781093,0.1419141914191419,0.1408140814081408,0.0011001100110011042,1.0078125,0.48817381738173826,0.5118261826182618,-0.012651265126512712,0.020352035203520358,0.5021539282641135,,,
Potensi − ZKGT (L1c),utama,spasial (provinsi),303,,,,,,,,,,,,,,,,-0.021452145214521448,-0.03449257425742573,-0.008910891089108907
Potensi bulanan PVMBG,sens: tipe diketahui,spasial (provinsi),141,1410.0,0.700354609929078,0.8723404255319149,0.5411347517730496,0.33120567375886534,1.612057667103539,0.5319148936170213,0.25673758865248225,0.275177304964539,2.0718232044198897,0.6631205673758865,0.7347517730496453,0.27588652482269505,0.3815780141843971,0.693657260701172,,,
Potensi bulanan PVMBG,sens: tipe diketahui,temporal,141,846.0,0.6211583924349882,0.8723404255319149,0.7919621749408984,0.08037825059101655,1.1014925373134328,0.5319148936170213,0.36524822695035464,0.16666666666666663,1.4563106796116503,0.5845005910165485,0.6578014184397163,0.03309692671394804,0.1300236406619385,0.5897632580520765,,,
Potensi bulanan PVMBG,sens: kontrol kab/kota,spasial (kab/kota),303,3030.0,0.5737623762376237,0.7953795379537953,0.6726072607260726,0.12277227722772277,1.182531894013739,0.40594059405940597,0.31452145214521454,0.09141914191419143,1.2906610703043022,0.5475206270627062,0.6009942244224423,0.07953795379537953,0.16369636963696366,0.5719117951399101,,,
Potensi − ZKGT (L1c),sens: kontrol kab/kota,spasial (kab/kota),303,,,,,,,,,,,,,,,,-0.020627062706270627,-0.03382838283828383,-0.007425742574257425
Potensi bulanan PVMBG,sens: sumber magma-tanggapan,spasial (provinsi),27,270.0,0.5814814814814814,0.5555555555555556,0.46296296296296297,0.09259259259259262,1.2,0.3333333333333333,0.1962962962962963,0.137037037037037,1.6981132075471697,0.48328703703703696,0.6759259259259259,-0.07037037037037042,0.2518518518518518,0.5579561042524005,,,
Potensi bulanan PVMBG,sens: sumber magma-tanggapan,temporal,27,162.0,0.49691358024691357,0.5555555555555556,0.6481481481481481,-0.09259259259259256,0.8571428571428572,0.3333333333333333,0.22839506172839505,0.10493827160493827,1.4594594594594594,0.3827160493827161,0.6080246913580247,-0.2222222222222222,0.01851851851851849,0.4790809327846365,,,
Potensi bulanan PVMBG,sens: sumber magma-tanggapan+pvmbg-lapangan,spasial (provinsi),3,30.0,0.31666666666666665,0.0,0.3333333333333333,-0.3333333333333333,0.0,0.0,0.13333333333333333,-0.13333333333333333,0.0,0.15,0.45,-0.7,-0.1,0.3388888888888889,,,
Potensi bulanan PVMBG,sens: sumber magma-tanggapan+pvmbg-lapangan,temporal,3,18.0,0.27777777777777773,0.0,0.3333333333333333,-0.3333333333333333,0.0,0.0,0.0,0.0,,0.0,0.5,-0.6666666666666666,0.0,0.2222222222222222,,,
Potensi bulanan PVMBG,sens: sumber pvmbg-lapangan,spasial (provinsi),273,2730.0,0.6516483516483517,0.8278388278388278,0.5593406593406594,0.26849816849816843,1.4800261951538964,0.4175824175824176,0.23443223443223443,0.18315018315018317,1.78125,0.6230723443223444,0.6816849816849818,0.22014652014652014,0.3153846153846154,0.6539105583061627,,,
Potensi bulanan PVMBG,sens: sumber pvmbg-lapangan,temporal,273,1638.0,0.5747863247863247,0.8278388278388278,0.7509157509157509,0.07692307692307687,1.1024390243902438,0.4175824175824176,0.34676434676434675,0.07081807081807084,1.2042253521126762,0.5491376678876679,0.6025717338217339,0.04029304029304037,0.11416361416361409,0.5529201161069293,,,
Potensi bulanan PVMBG,sens: tahun 2022,spasial (provinsi),149,1490.0,0.6966442953020134,0.8657718120805369,0.5389261744966443,0.3268456375838926,1.6064757160647571,0.5234899328859061,0.2557046979865772,0.2677852348993289,2.047244094488189,0.6610738255033557,0.7315436241610739,0.27114093959731544,0.37785234899328857,0.6854240799963965,,,
Potensi bulanan PVMBG,sens: tahun 2022,temporal,149,894.0,0.6112975391498882,0.8657718120805369,0.7975391498881432,0.06823266219239366,1.0855539971949508,0.5234899328859061,0.36017897091722595,0.1633109619686801,1.453416149068323,0.5710290827740493,0.6510067114093959,0.016778523489932917,0.1174496644295302,0.5828678888338363,,,
Potensi bulanan PVMBG,sens: tahun 2023,spasial (provinsi),26,260.0,0.6076923076923076,0.6153846153846154,0.46153846153846156,0.15384615384615385,1.3333333333333333,0.3076923076923077,0.16923076923076924,0.13846153846153847,1.8181818181818181,0.5057211538461538,0.7019230769230769,-0.038461538461538436,0.32307692307692304,0.5988165680473373,,,
Potensi bulanan PVMBG,sens: tahun 2023,temporal,26,156.0,0.5480769230769231,0.6153846153846154,0.6153846153846154,0.0,1.0,0.3076923076923077,0.21794871794871795,0.08974358974358976,1.411764705882353,0.46794871794871795,0.6282051282051282,-0.10256410256410264,0.10256410256410253,0.5325443786982249,,,
Potensi bulanan PVMBG,sens: tahun 2024,spasial (provinsi),127,1270.0,0.588976377952756,0.7559055118110236,0.5763779527559055,0.17952755905511808,1.3114754098360655,0.29133858267716534,0.2141732283464567,0.07716535433070865,1.3602941176470587,0.5432972440944882,0.6299212598425197,0.10076771653543307,0.2566929133858268,0.59498728997458,,,
Potensi bulanan PVMBG,sens: tahun 2024,temporal,127,762.0,0.517716535433071,0.7559055118110236,0.6916010498687664,0.06430446194225725,1.092979127134725,0.29133858267716534,0.3228346456692913,-0.031496062992125984,0.9024390243902439,0.47965879265091865,0.5538057742782153,0.01181102362204733,0.11811023622047245,0.516006365346064,,,
Potensi bulanan PVMBG,sens: tahun 2025,spasial (provinsi),1,10.0,0.15,0.0,0.7,-0.7,0.0,0.0,0.0,0.0,,,,,,0.15,,,
Potensi bulanan PVMBG,sens: tahun 2025,temporal,1,6.0,0.08333333333333333,0.0,0.8333333333333334,-0.8333333333333334,0.0,0.0,0.5,-0.5,0.0,,,,,0.08333333333333333,,,
Potensi bulanan PVMBG,sens: tanpa bulan tak lengkap,spasial (provinsi),292,2920.0,0.6470890410958904,0.815068493150685,0.5589041095890411,0.25616438356164384,1.4583333333333333,0.410958904109589,0.2321917808219178,0.17876712328767122,1.7699115044247788,0.6193493150684932,0.6756849315068494,0.21161815068493145,0.3020633561643835,0.6495660536686058,,,
Potensi bulanan PVMBG,sens: tanpa bulan tak lengkap,temporal,292,1707.0,0.5707191780821919,0.815068493150685,0.7521968365553603,0.06287165659532468,1.0835840481372423,0.410958904109589,0.3397773872290568,0.0711815168805322,1.2094945677846007,0.5458889840182648,0.597490011415525,0.030515135487064613,0.09735502832182172,0.5486092720546341,,,
Potensi bulanan PVMBG,sens: semua presisi tanggal,spasial (provinsi),310,3100.0,0.6443548387096775,0.7935483870967742,0.5448387096774193,0.2487096774193549,1.4564831261101245,0.4129032258064516,0.22903225806451613,0.18387096774193548,1.8028169014084507,0.6156411290322581,0.6709758064516129,0.20063709677419347,0.2932338709677419,0.6428844953173777,,,
Potensi bulanan PVMBG,sens: semua presisi tanggal,temporal,310,1860.0,0.5607526881720429,0.7935483870967742,0.7387096774193549,0.05483870967741933,1.074235807860262,0.4129032258064516,0.3403225806451613,0.07258064516129031,1.2132701421800947,0.5344018817204301,0.5879099462365591,0.02149193548387095,0.0908602150537634,0.543678459937565,,,
Potensi − ZKGT (L1c),sens: semua presisi tanggal,spasial (provinsi),310,,,,,,,,,,,,,,,,-0.02096774193548387,-0.03355241935483871,-0.00838306451612905
Peringatan hujan BMKG (CEWS),utama,spasial (provinsi),211,2099.0,0.5203791469194313,0.1895734597156398,0.13244402096236302,0.05712943875327678,1.4313478127450647,0.018957345971563982,0.028585040495474036,-0.009627694523910053,0.6631911532385466,0.4960189573459716,0.5427619799894682,0.02232673914709982,0.09044036748917075,0.5171634427587951,,,
Peringatan hujan BMKG (CEWS),utama,temporal,225,1350.0,0.5707407407407408,0.17777777777777778,0.06962962962962962,0.10814814814814816,2.5531914893617023,0.017777777777777778,0.014814814814814815,0.0029629629629629624,1.2,0.5377777777777778,0.6029629629629629,0.057018518518518524,0.16075925925925916,0.5717893004115226,,,
Peringatan hujan BMKG (CEWS),sens: semua presisi tanggal,spasial (provinsi),234,2328.0,0.5294871794871794,0.19230769230769232,0.12328178694158076,0.06902590536611156,1.5599035111230233,0.017094017094017096,0.02577319587628866,-0.008679178782271563,0.6632478632478633,0.5066945631528964,0.5538497150997153,0.036073109430785934,0.10377860577671448,0.5250334096983581,,,
Peringatan hujan BMKG (CEWS),sens: semua presisi tanggal,temporal,250,1500.0,0.5683333333333334,0.18,0.07133333333333333,0.10866666666666666,2.5233644859813085,0.016,0.016666666666666666,-0.0006666666666666661,0.9600000000000001,0.5373333333333333,0.6003333333333334,0.061983333333333335,0.1613499999999999,0.5685026666666667,,,
